{"cameraMode":{"drawMode":0,"name":"Shaded","section":"Shading Mode"},"sceneLighting":false,"audioPlay":false,"sceneViewState":{"m_AlwaysRefresh":false,"showFog":true,"showSkybox":false,"showFlares":true,"showImageEffects":true,"showParticleSystems":true,"showVisualEffectGraphs":true,"m_FxEnabled":true},"in2DMode":false,"pivot":{"x":946.3572998046875,"y":482.9443054199219,"z":497.48876953125},"rotation":{"x":-0.005100773181766272,"y":0.0029996775556355716,"z":0.0000125509704957949,"w":0.9999925494194031},"size":803.6512451171875,"orthographic":false}